FID	IID	PC1	PC2	PC3	PC4	PC5	PC6
HG00096	HG00096	0.00907954	0.0590909	0.0064678	-0.038325	-0.00861813	0.0154361
HG00097	HG00097	0.00184689	0.0707998	-0.0401147	0.00496381	-0.0215583	0.0424841
HG00099	HG00099	-0.032731	0.0173183	-0.0237798	0.028895	-0.0225701	-0.0230678
HG00100	HG00100	0.0032861	0.0627492	-0.0152807	0.0266522	0.0883105	-0.0700457
HG00101	HG00101	-0.00014395	0.0690344	0.0327741	-0.0250941	0.00936299	-0.0631615
HG00102	HG00102	0.0106277	0.0561852	0.0229377	0.0740204	-0.0160201	-0.115627
HG00103	HG00103	0.0300966	0.0601451	-0.0657674	0.00467235	-0.0505565	-0.0443019
HG00105	HG00105	0.00229911	0.0444116	-0.0568223	0.0188436	-0.076621	-0.050689
HG00106	HG00106	-0.0171335	0.0247644	-0.0115058	0.0319015	0.0167363	-0.0536163
HG00107	HG00107	0.0207979	0.0307437	-0.00844964	-0.0237929	0.00621432	0.0179878
HG00108	HG00108	0.0271165	0.114808	0.0629281	-0.0444411	0.0170952	-0.0256638
HG00109	HG00109	0.00127257	0.0815038	0.0380839	-0.0714524	0.0211181	0.0141814
HG00110	HG00110	0.0250673	0.100963	-0.0132814	-0.0286855	0.066511	0.0361742
HG00111	HG00111	-0.00919616	0.0315157	-0.0241218	-0.00840884	0.0227185	-0.0480052
HG00112	HG00112	-0.00117563	0.0322549	0.0363549	-0.0227116	0.0231206	-0.00832826
HG00113	HG00113	0.0147365	0.0525864	0.0794168	-0.0536553	0.00360892	-0.00538611
HG00114	HG00114	-0.00919971	0.0602949	-0.0275303	0.0463051	0.00690719	-0.0850529
HG00115	HG00115	-0.00150019	0.0440034	-0.0287461	-0.0154043	-0.00923689	-0.018604
HG00116	HG00116	0.0281101	0.055121	0.0329013	-0.00370332	0.0712612	0.0267095
HG00117	HG00117	0.0121917	0.0870098	-0.00177834	-0.0378379	0.0366937	0.0163843
HG00118	HG00118	0.00420103	0.0735151	-0.0128271	0.0157998	0.0654643	-0.0473693
HG00119	HG00119	-0.00469304	0.0493257	-4.44413e-05	0.00736163	0.0179316	-0.0558556
HG00120	HG00120	-0.00174648	0.109335	0.0891526	0.0589741	0.0521346	0.0256125
HG00121	HG00121	-0.0103634	0.100171	0.0184181	0.000596481	-0.0102832	0.0369278
HG00122	HG00122	0.0038565	0.06687	-0.0307809	-0.0429848	0.0223993	-0.0302512
HG00123	HG00123	0.00825186	0.0327824	0.00799529	-0.0587356	0.0127648	0.000528474
HG00125	HG00125	0.0216871	0.0862025	0.11147	0.0380812	0.0141229	-0.0645475
HG00126	HG00126	-0.0278529	0.0216297	-0.0105682	-0.0801752	0.0817075	-0.0495015
HG00127	HG00127	-0.0214188	0.0584612	0.0188343	0.00194762	0.0480157	-0.0292683
HG00128	HG00128	0.0155897	0.0586678	0.020253	-0.0436713	-0.0065655	0.0131211
HG00129	HG00129	0.0159767	-0.0126148	-0.0346311	-0.0204795	0.00250699	0.00802576
HG00130	HG00130	0.0110212	-0.0173499	-0.0531953	0.0323866	0.0019032	0.0309224
HG00131	HG00131	-0.00521165	-0.0540712	0.00152503	0.0362294	0.0829156	0.0587752
HG00132	HG00132	-0.00569891	0.0140072	-0.0500931	0.0327467	0.0170219	-0.0786764
HG00133	HG00133	-0.000905586	0.0493913	-0.0528987	0.00435858	-0.016713	-0.0217262
HG00136	HG00136	0.0160276	0.0768828	0.032813	0.0468829	-0.0706285	0.0502487
HG00137	HG00137	0.00997034	0.0776622	-0.071203	0.0602894	-0.053274	-0.0368472
HG00138	HG00138	-0.0126544	0.0401209	0.0375259	0.0460858	0.0437201	-0.0390087
HG00139	HG00139	-0.0199127	0.0268083	-0.013481	0.0255248	-0.0443457	0.0279692
HG00140	HG00140	0.0297796	0.00977261	-0.00900107	0.0801432	0.00567496	-0.0263186
HG00141	HG00141	0.0127821	0.0709097	0.0481365	0.00274068	-0.11675	-0.0506188
HG00142	HG00142	0.0241266	0.00963655	-0.0512458	0.0687851	0.00670749	0.0363847
HG00143	HG00143	0.0218667	0.00842269	0.0479004	-0.00389089	0.0143611	-0.02194
HG00145	HG00145	-0.0175044	-0.034916	-0.0538466	-0.0164325	0.00718232	-0.049479
HG00146	HG00146	-0.00915878	-0.00010199	0.078726	0.0110106	0.0943698	0.0359404
HG00148	HG00148	-0.0041021	0.104697	0.00567911	0.0266651	-0.00243565	-0.0713655
HG00149	HG00149	-0.00143641	0.0811019	0.0433718	0.0249853	-0.0497594	-0.00118638
HG00150	HG00150	-0.00201511	-0.0146337	-0.0208412	0.0207338	-0.0060815	-0.0661939
HG00151	HG00151	0.00823848	0.0498284	0.0321048	-0.0121993	-0.0236748	0.037593
HG00154	HG00154	-0.0112188	0.060717	0.0307948	0.0216	-0.0551085	-0.0181077
HG00155	HG00155	-0.00132215	0.0937076	0.0383679	0.0790952	-0.0218249	-0.0793465
HG00157	HG00157	0.0112486	0.0491688	0.103276	0.0232573	-0.0371071	-0.0280774
HG00158	HG00158	0.00487086	-0.0527733	-0.0159995	0.0112641	0.0531923	-0.0349358
HG00159	HG00159	-0.00153791	0.00299762	0.0116228	-0.0312961	-0.0199182	-0.022795
HG00160	HG00160	0.00586911	0.0458867	-0.0938166	0.0658666	0.0133838	-0.0541237
HG00171	HG00171	0.102176	0.00358095	0.0590628	0.00647655	0.0494042	0.027102
HG00173	HG00173	0.0835484	-0.00214617	-0.0158236	0.0338527	-0.0694938	-0.0518319
HG00174	HG00174	0.0885507	-0.0224912	-0.0737987	-0.00848456	-0.0525968	-0.030182
HG00176	HG00176	0.102663	-0.0537299	-0.0333088	-0.0106053	0.0475577	0.0604751
HG00177	HG00177	0.0657802	-0.0466315	-0.0929289	-0.0240729	0.0146528	0.0242541
HG00178	HG00178	0.0891747	-0.0270158	0.0195442	0.0942912	-0.0480118	-0.0219989
HG00179	HG00179	0.0534233	0.0694236	-0.0532452	0.0468183	-0.0407489	0.0285011
HG00180	HG00180	0.0577044	0.0108644	0.111518	-0.039117	-0.0283813	-0.0755482
HG00181	HG00181	0.0470625	-0.0383086	0.0160051	0.0702557	-0.0562137	-0.0266195
HG00182	HG00182	0.0682856	-0.0603921	0.0571757	-0.0307542	0.0585693	0.0189396
HG00183	HG00183	0.0982738	0.0696931	-0.0184918	-0.0354065	-0.0390731	0.00633008
HG00185	HG00185	0.0856343	-0.0688448	-0.0474297	0.0183491	-0.00131758	-0.02554
HG00186	HG00186	0.0745926	-0.000754688	0.0118343	-0.0517848	0.0265281	0.0702856
HG00187	HG00187	0.115792	-0.0504754	0.0155016	0.0127792	0.0674294	0.0712455
HG00188	HG00188	0.0850482	0.0157501	0.00153511	0.0337267	0.00785484	-0.02039
HG00189	HG00189	0.081787	-0.0221003	-0.00151931	-0.0782548	-0.00262422	0.0066117
HG00190	HG00190	0.0606618	-0.00866013	0.0103738	0.0450188	-0.00470905	-0.0652527
HG00231	HG00231	0.008498	0.0187178	-0.0127718	-0.0530978	0.0709173	-0.116518
HG00232	HG00232	9.89923e-05	0.0348127	0.00906664	-0.00757338	-0.0132929	0.0105332
HG00233	HG00233	-0.00174351	0.00758073	0.0499169	0.0266671	-0.0619062	-0.020216
HG00234	HG00234	0.00583868	-0.0141197	0.0814559	0.0503987	0.119786	0.000839396
HG00235	HG00235	-0.0246643	0.0261397	-0.00611997	0.0159932	-0.0249269	-0.016823
HG00236	HG00236	-0.0275465	-0.00630106	-0.000190013	0.0409931	0.0684988	0.0567772
HG00237	HG00237	-0.019148	0.0174712	-0.0401468	-0.00629474	0.0101842	-0.0485993
HG00238	HG00238	-0.000976982	0.0562497	-0.0146709	-0.0201049	0.00251435	0.0174231
HG00239	HG00239	0.012751	0.0647817	-0.0098038	0.0604117	-0.0970179	-0.0387637
HG00240	HG00240	0.00592379	0.113515	-0.00481124	0.0177809	0.0376014	0.00357569
HG00242	HG00242	0.00231548	0.0700603	0.04846	-0.0197783	0.0138252	0.0554765
HG00243	HG00243	-0.00680627	0.042987	0.00474222	-0.0149448	0.0726347	-0.0252649
HG00244	HG00244	-0.0119229	-0.0245471	-0.01274	-0.0540589	-0.0383566	-0.0152154
HG00245	HG00245	-0.0069342	0.011075	0.0283865	-0.0308437	-0.00640134	-0.0623004
HG00246	HG00246	-0.00626414	0.034894	0.026636	-0.0155171	0.0139913	0.0189979
HG00250	HG00250	0.0125122	0.0542662	-0.0182652	0.0537482	0.00647183	-0.00567749
HG00251	HG00251	-0.0163831	0.0702856	0.071396	-0.0172028	0.0499299	-0.0430741
HG00252	HG00252	-0.00271047	0.0135548	-0.133642	-0.0106824	0.0473432	-0.0182216
HG00253	HG00253	-0.0196215	0.0325235	-0.00544208	0.00556628	0.0488936	-0.0116547
HG00254	HG00254	0.0162783	0.000790482	0.008181	0.0107358	0.0473872	-0.00276104
HG00255	HG00255	0.004348	-0.00734489	0.0306869	-0.0953208	-0.0720663	-0.0353202
HG00256	HG00256	-0.000425627	0.0223823	-0.00935123	0.0695753	0.0494042	-0.0195651
HG00257	HG00257	-0.0191186	-0.0695697	-0.0777344	0.0167713	0.0889879	0.0412865
HG00258	HG00258	-0.0054666	0.0839646	0.0261759	0.0102242	-0.0348846	-0.0510205
HG00259	HG00259	-0.036819	0.0142707	0.0113283	-0.0479332	-0.120238	-0.0283895
HG00260	HG00260	0.00523519	0.069348	0.0372062	0.0103068	0.0206066	0.0118024
HG00261	HG00261	-0.00977443	0.0222214	-0.0280664	-0.0295778	0.00615065	0.0423041
HG00262	HG00262	-0.0146961	0.0529383	0.0542055	-0.0382864	-0.00382618	0.0473696
HG00263	HG00263	-0.00459578	0.00270864	-0.0438221	-0.0188673	0.0115675	-0.0692447
HG00264	HG00264	-0.0114838	0.0168961	-0.0438697	0.0520069	0.115582	-0.0564912
HG00265	HG00265	0.0126143	0.0357996	0.00287619	-0.0615489	0.0139012	0.0145324
HG00266	HG00266	0.0877266	0.0333501	-0.0138377	0.00704392	-0.113792	0.0406922
HG00267	HG00267	0.0555213	-0.0231426	0.0347634	-0.0469825	0.0184992	-0.0966507
HG00268	HG00268	0.100965	-0.0552297	-0.0141194	0.0140713	0.0377958	-0.0240684
HG00269	HG00269	0.0913272	-0.0424604	0.0251035	0.0387911	-0.0052198	0.0424453
HG00271	HG00271	0.109278	-0.0582334	-0.0159006	-0.0415558	-0.0190509	0.00424216
HG00272	HG00272	0.0929218	-0.0190205	-0.0537644	0.0425565	0.00592327	0.00764929
HG00273	HG00273	0.0870339	-0.0310884	-0.0153659	-0.044867	-0.0392998	-0.00223722
HG00274	HG00274	0.0925705	0.0480882	0.00542704	0.0444239	-0.0490481	-0.0209356
HG00275	HG00275	0.0576844	-0.0153429	-0.0603796	-0.00161277	0.00797067	0.0164007
HG00276	HG00276	0.0706934	0.00425492	0.0140184	0.0417291	-0.0246095	0.0142817
HG00277	HG00277	0.0736472	0.0228623	-0.0207795	-0.00124968	0.0436449	0.0240343
HG00278	HG00278	0.088907	-0.0923897	0.0343764	0.037907	-0.0131697	0.108744
HG00280	HG00280	0.0365841	-0.0357945	0.00495376	0.0340289	-0.0167939	0.0637302
HG00281	HG00281	0.103377	-0.0513917	0.0627036	0.0332989	0.0133847	-0.0139871
HG00282	HG00282	0.0859715	-0.0402548	0.0646557	-0.0820148	-0.0533987	0.0664667
HG00284	HG00284	0.0799098	0.0134407	0.0450291	0.0539016	-0.0796002	-0.0277403
HG00285	HG00285	0.0913267	-0.0521721	0.104968	0.0194078	-0.0590151	-0.00984502
HG00288	HG00288	0.10057	-0.0154413	0.0530619	0.0148981	-0.0820925	0.00138025
HG00290	HG00290	0.0760626	-0.0411822	0.00309661	0.0279589	0.111039	0.072766
HG00304	HG00304	0.0907396	-0.0696129	0.0710604	-0.00617319	-0.0942624	-0.057883
HG00306	HG00306	0.0483449	0.0312314	-0.0805558	-0.0194638	-0.0372293	0.13373
HG00308	HG00308	0.0679439	-0.0126556	-0.0125354	-0.0555411	-0.0157003	0.0426841
HG00309	HG00309	0.0540194	-0.05786	0.0849175	-0.124639	0.115391	0.0123024
HG00310	HG00310	0.0542458	-0.0230561	-0.0387318	0.0402087	0.000709944	-0.00925942
HG00311	HG00311	0.0781113	0.0211224	-0.0303393	-0.0364826	-0.00306988	0.062037
HG00313	HG00313	0.0968359	-0.0616236	-0.00822248	0.00179159	-0.0190992	-0.0176736
HG00315	HG00315	0.0672036	-0.0235116	-0.0978011	0.00234315	-0.0534648	-0.0467498
HG00318	HG00318	0.061568	0.0023389	-0.0581955	-0.0140096	0.0756965	-0.070282
HG00319	HG00319	0.0761572	-0.0426074	-0.051891	-0.101466	-0.0223511	0.0345845
HG00320	HG00320	0.0652688	-0.00568074	-0.0967375	-0.00643358	0.0133163	0.0164999
HG00321	HG00321	0.0751963	-0.0312221	-0.0146305	0.0725942	-0.0223769	-0.01893
HG00323	HG00323	0.113094	0.0073503	-0.0386802	0.0421237	-0.0190844	0.101664
HG00324	HG00324	0.0925365	-0.0204141	0.0310416	-0.00499878	-0.0113869	-0.0639619
HG00325	HG00325	0.136161	-0.0786104	0.0701677	0.0182508	-0.00510434	-0.0756786
HG00326	HG00326	0.0621114	-0.0434182	-0.00888797	-0.158456	-0.0616944	0.0149836
HG00327	HG00327	0.0787729	-0.0546159	-0.00732361	0.0263606	0.0190429	-0.0353439
HG00328	HG00328	0.0680481	-0.0715663	0.0751115	-0.00458079	-0.0601481	0.0334695
HG00329	HG00329	0.0709491	-0.0408153	-0.030191	-0.0425928	-0.0438488	0.0298155
HG00330	HG00330	0.0714031	0.0253055	-0.0115724	0.0444887	-0.0160674	-0.0105874
HG00331	HG00331	0.058115	0.0288707	-0.0612359	0.0857254	0.0204574	-0.0197491
HG00332	HG00332	0.0903425	-0.00508002	0.0939616	0.035266	-0.0750286	-0.0758389
HG00334	HG00334	0.063781	0.00203124	0.0222037	-0.0934126	-0.0352611	-0.0571184
HG00335	HG00335	0.0570047	-0.0623629	-0.0658204	-0.0768473	0.0679377	-0.0509356
HG00336	HG00336	0.0651999	-0.0420091	0.0631485	-0.0165743	0.0693104	0.0828689
HG00337	HG00337	0.0706463	-0.00826907	0.0194516	-0.0341907	0.0305321	0.0741824
HG00338	HG00338	0.0963017	-0.0023421	-0.0662811	0.0128273	-0.0833874	0.0195384
HG00339	HG00339	0.0855274	-0.070536	-0.00136418	-0.0780928	0.00185031	0.0124766
HG00341	HG00341	0.0294362	-0.0177935	-0.0851097	-0.00865574	0.0162109	-0.0140767
HG00342	HG00342	0.091829	-0.0713371	0.0448212	-0.0873827	0.0638676	-0.00106948
HG00343	HG00343	0.0753001	0.0280221	-0.077319	-0.0182254	-0.0429106	-0.0544763
HG00344	HG00344	0.0472618	-0.011672	-0.0962419	0.031702	-0.0141561	0.032106
HG00345	HG00345	0.0747793	-0.0996795	0.0674469	0.0968371	-0.00909899	-0.0511636
HG00346	HG00346	0.0574146	-0.0386515	-0.097019	0.00428191	0.040985	-0.00218565
HG00349	HG00349	0.0903247	-0.0223222	6.2746e-05	-0.014337	0.0484714	0.012207
HG00350	HG00350	0.0369099	0.0361357	0.00125298	-0.0205238	-0.0631344	0.0486363
HG00351	HG00351	0.103046	0.00649671	0.024223	-0.0143715	0.0815904	-0.0259212
HG00353	HG00353	0.0834232	0.0199797	0.0220923	0.0362929	-0.00795377	-0.00262438
HG00355	HG00355	0.0612264	-0.0064567	-0.00462459	0.0104309	-0.0300245	-0.0236664
HG00356	HG00356	0.0803433	-0.00610935	0.0199632	-0.115171	-0.0187625	0.00615298
HG00357	HG00357	0.0861386	-0.000663135	0.0470713	-0.00275325	0.024684	0.0395893
HG00358	HG00358	0.096466	-0.0737139	-0.04959	-0.0353551	0.0312576	0.130863
HG00360	HG00360	0.0626981	-0.0133845	0.0280689	0.0972771	0.0229517	-0.0279507
HG00361	HG00361	0.0795157	-0.035068	-0.0350271	-0.0219742	0.0849918	0.00557274
HG00362	HG00362	0.0736862	0.062214	0.00570692	0.065178	0.0312314	0.0887709
HG00364	HG00364	0.0621906	0.0142499	-0.0272565	-0.0141921	0.0284829	0.116046
HG00365	HG00365	0.122209	-0.00306041	0.0843137	-0.0377873	0.0301661	-0.0313056
HG00366	HG00366	0.077108	-0.0612467	0.0243829	0.0196285	-0.0569357	0.0305932
HG00367	HG00367	0.0488731	-0.018053	-0.0229831	0.0264024	0.046962	-0.0533843
HG00368	HG00368	0.104571	-0.0343677	0.0250006	-0.0177331	-0.0350933	0.00144478
HG00369	HG00369	0.0808766	-0.0214374	0.0434203	0.0171672	-0.045424	-0.0733214
HG00371	HG00371	0.107589	-0.0578599	-0.012012	-0.0168145	0.0762575	-0.0129722
HG00372	HG00372	0.0748332	-0.00932361	-0.00343245	0.00353087	-0.00269966	0.0753755
HG00373	HG00373	0.0636737	-0.0319086	0.0473933	-0.00455245	0.0304026	-0.00818571
HG00375	HG00375	0.0866925	0.00556188	-0.0050123	-0.0580939	0.0552211	0.0579059
HG00376	HG00376	0.0595909	-0.0835809	-0.0855497	0.0462294	-0.0221835	0.0375584
HG00378	HG00378	0.0986064	-0.0699923	0.0297869	0.0337476	0.0175671	-0.0913977
HG00379	HG00379	0.0730686	-0.0297438	-0.0767206	0.0476621	-0.020076	0.0506463
HG00380	HG00380	0.0539622	0.0288996	-0.0522738	-0.00236453	-0.00590641	-0.0543328
HG00381	HG00381	0.0937795	0.00486308	0.0310582	-0.028053	-0.0286701	-0.0640265
HG00382	HG00382	0.101639	-0.00430751	-0.0136277	0.0551546	-0.0230028	0.0424127
HG00383	HG00383	0.0715059	-0.108538	0.00200783	-0.0334922	-0.120974	-0.0753832
HG00384	HG00384	0.0712986	-0.0266073	0.00734859	-0.000254608	0.0474271	-0.0241009
HG01334	HG01334	0.0191524	0.0882939	-0.0543517	0.0474236	0.0423634	-0.00563884
HG01500	HG01500	-0.00578296	-0.01455	-0.0606475	-0.0453213	-0.0428289	0.100973
HG01501	HG01501	-0.026736	0.0380118	0.0265157	0.0784993	-0.00400856	0.00931239
HG01503	HG01503	-0.0112383	-0.0406349	0.0215948	-0.0579783	-0.0306284	0.00445089
HG01504	HG01504	-0.0294558	-0.0633319	0.090606	0.065841	0.0302721	0.0428307
HG01506	HG01506	-0.0565146	0.00925893	0.021534	0.089187	-0.022244	-0.0418127
HG01507	HG01507	-0.0223041	0.0477373	-0.0384288	0.0310219	-0.0438618	0.00898345
HG01509	HG01509	-0.0375824	0.0495366	0.054524	-0.0479696	0.00860129	0.0497965
HG01510	HG01510	-0.0424177	0.0462225	0.03306	-0.0806618	-0.0623124	0.0679962
HG01512	HG01512	-0.0232083	-0.00569782	0.0481309	0.00659891	-0.0597288	0.0434952
HG01513	HG01513	-0.0551957	-0.0352456	-0.0208846	0.0402306	0.028863	0.0720753
HG01515	HG01515	-0.0298801	0.0182227	0.0984051	0.0616841	0.0566775	0.0616
HG01516	HG01516	-0.038421	-0.0124963	0.014193	0.00125203	0.0965889	0.0467168
HG01518	HG01518	-0.0366837	0.00197302	0.041823	0.0112388	-0.0332117	-0.020215
HG01519	HG01519	-0.0328495	0.0351754	0.0659135	0.0481362	0.025547	0.0282892
HG01521	HG01521	-0.0539507	-0.0160372	0.0278649	0.00757447	-0.0147786	-0.0301799
HG01522	HG01522	-0.0248606	0.103264	0.0442464	0.00730012	0.0240792	0.061796
HG01524	HG01524	-0.0346963	-0.0281918	0.0713935	-0.0718633	-0.0433054	-0.0110669
HG01525	HG01525	-0.0208716	-0.0135085	0.0258632	0.0776508	0.0399854	0.0202406
HG01527	HG01527	-0.0209472	-0.0101586	0.0169271	-0.0312782	-0.0425595	0.0723652
HG01528	HG01528	-0.0422481	-0.0749715	0.00740298	0.0699883	0.0205103	-0.0616627
HG01530	HG01530	-0.0181877	0.00157552	-0.0195687	-0.0668634	-0.0118421	-0.0459806
HG01531	HG01531	-0.00299746	-0.0147701	-0.0255445	0.0491922	-0.0378228	-0.0185258
HG01536	HG01536	-0.0271571	-0.0300018	0.0551135	-0.014932	0.015451	-0.0395028
HG01537	HG01537	-0.0580529	0.0135393	0.00653738	-0.0547684	-0.0817278	-0.0274407
HG01602	HG01602	-0.0214935	-0.0689821	0.0137116	-0.00839183	-0.0254854	-0.0800546
HG01603	HG01603	-0.0203245	-0.0198109	-0.0650292	0.054647	-0.0650989	0.0192928
HG01605	HG01605	-0.0312488	-0.047069	-0.0480258	0.0740357	0.00257384	0.00287858
HG01606	HG01606	-0.0184569	0.0720516	-0.0168404	-0.0336732	0.0235803	0.00479487
HG01607	HG01607	-0.04488	-0.0184747	0.0487735	0.0286232	-0.0830491	-0.0800008
HG01608	HG01608	-0.0381291	-0.0109406	0.0335546	-0.062076	-0.0436016	-0.064802
HG01610	HG01610	-0.0208184	-0.0198604	-0.0161589	0.00367119	-0.0400631	-0.0117516
HG01612	HG01612	-0.0131433	0.0315999	0.0383143	0.00627772	-0.0206822	0.0630616
HG01613	HG01613	-0.0208998	0.0311746	0.00822778	0.0898252	-0.0179619	0.0391686
HG01615	HG01615	-0.0426308	0.0218921	0.0949514	-0.0533819	-0.0544984	-0.00172699
HG01617	HG01617	-0.0236335	-0.0639048	-0.0253352	0.0330519	-0.0359785	-0.0386593
HG01618	HG01618	-0.0117021	0.004726	0.01804	-0.000850759	0.0139679	-0.0669783
HG01619	HG01619	-0.0160624	-0.0347191	-0.0375481	-0.000409532	0.00928088	0.0544475
HG01620	HG01620	-0.0371863	0.0223997	-0.020881	0.0714747	-0.0921263	0.0691005
HG01623	HG01623	-0.019885	-0.0521526	0.0222129	-0.0495586	0.00322188	-0.00426187
HG01624	HG01624	-0.0523059	-0.0643753	0.0628274	0.0190868	-0.0223059	-0.0217246
HG01625	HG01625	-0.0337219	-0.00895821	0.0479621	0.0603385	0.00891998	-0.0142774
HG01626	HG01626	-0.0343187	-0.0815072	0.010294	-0.0590569	-0.0337745	0.048064
HG01628	HG01628	-0.0359675	-0.0567653	-0.00128083	-0.0388464	0.00547525	0.0181749
HG01630	HG01630	-0.0196823	-0.00659679	0.110322	-0.0402731	0.0666639	0.0176098
HG01631	HG01631	-0.0487753	-0.0217947	-0.0468164	0.0684135	0.00522754	-0.0657595
HG01632	HG01632	-0.00561916	-0.0300021	-0.0113249	-0.0211976	0.0363693	0.112755
HG01668	HG01668	-0.0334337	-0.0198407	-0.000601933	0.0320318	-0.0368753	-0.0229419
HG01669	HG01669	-0.0245575	-0.0197054	-0.0366438	0.0408379	0.00877003	0.0868474
HG01670	HG01670	-0.0463472	-0.0141229	0.00800873	-0.0365323	-0.0261691	0.0510623
HG01672	HG01672	-0.0326258	0.0414576	-0.0194807	-0.0157965	0.090292	-0.0970851
HG01673	HG01673	-0.0464948	-0.00915206	-0.0644861	-0.0763472	-0.0965307	-0.00523719
HG01675	HG01675	-0.0285085	-0.106281	0.0419608	-0.00921917	0.00390506	-0.0604761
HG01676	HG01676	-0.0456383	-0.0329229	0.10548	-0.00405049	0.0990389	-0.0103367
HG01678	HG01678	-0.0509124	-0.113202	0.0120942	0.0935813	0.0601521	-0.0219904
HG01679	HG01679	-0.0527513	0.0330665	0.0384885	-0.00470722	0.0367027	0.0318015
HG01680	HG01680	-0.0419685	-0.0335753	0.0147907	-0.0615969	0.0193225	0.0369353
HG01682	HG01682	-0.0168758	-0.0309218	-0.0115365	0.0233895	0.0436233	0.0137909
HG01684	HG01684	-0.0410668	0.0353934	0.0672158	0.0645381	-0.0578387	0.0731655
HG01685	HG01685	-0.0109941	-0.0736975	0.103568	-0.0165837	0.0150349	0.00796635
HG01686	HG01686	-0.0404544	-0.0116901	0.0151294	-0.0372563	-0.00354825	0.0078843
HG01694	HG01694	-0.0498913	-0.0145903	0.0254871	-0.0168746	-0.0032675	0.0712404
HG01695	HG01695	-0.0144164	-0.045076	0.0947287	-0.089471	-0.0275537	-0.0331963
HG01697	HG01697	-0.0335826	-0.0252419	0.0479435	0.00514303	-0.120023	0.0841354
HG01699	HG01699	-0.0506331	-0.00787794	0.0086599	0.069716	-0.0462411	0.0534717
HG01700	HG01700	-0.0459516	0.0183324	0.0483842	-0.0372275	0.00717621	0.0164401
HG01702	HG01702	-0.0181779	0.0124457	0.0889944	0.071838	-0.0365221	0.0914079
HG01704	HG01704	-0.0462663	-0.071191	-0.0197648	-0.125959	0.00418962	0.00183715
HG01705	HG01705	-0.0195408	0.0307159	0.0485991	-0.0616175	-0.00184876	0.0420276
HG01707	HG01707	-0.0225224	-0.0492699	0.0143939	0.0659595	-0.00764816	0.0152434
HG01708	HG01708	-0.0263762	0.0233548	-0.0104471	0.0222673	-0.0402937	-0.00669957
HG01709	HG01709	-0.0258933	0.00340218	0.00326089	0.00519732	0.0378879	-0.028604
HG01710	HG01710	-0.0310583	-0.0287717	0.00611624	-0.0239909	-0.0240704	0.0346001
HG01746	HG01746	-0.0392868	-0.013772	-0.0163998	-0.0386628	0.0524975	-0.0152687
HG01747	HG01747	-0.0388585	-0.00838319	0.105443	0.0581198	0.0177147	0.0459563
HG01756	HG01756	-0.0486018	0.0105395	0.00185422	-0.00296105	0.00607682	-0.0447154
HG01757	HG01757	-0.0250693	-0.0670715	0.0422276	0.0303405	-0.0562477	0.0078536
HG01761	HG01761	-0.0265485	0.023215	-0.0130217	-0.0176753	0.0285138	0.0503139
HG01762	HG01762	-0.0187597	0.0433523	0.0307262	-0.0362164	0.020963	0.0886727
HG01765	HG01765	-0.0327276	0.0203748	0.00425798	0.0579608	-0.0625417	0.043134
HG01766	HG01766	-0.0371647	0.0305242	0.0328307	0.0102736	-0.00749072	0.0496918
HG01767	HG01767	-0.0369678	-0.00910892	0.0801336	-0.0170927	0.0157405	0.0507452
HG01768	HG01768	-0.0525599	-0.0891346	-0.0709803	0.00123404	-0.053933	0.00642186
HG01770	HG01770	-0.0270972	0.0112184	0.0369331	-0.0506609	0.00211638	-0.00543912
HG01771	HG01771	-0.0215247	-0.00619438	0.0544812	0.11533	0.0582648	0.0721477
HG01773	HG01773	-0.048508	-0.023976	0.00638913	-0.0229343	-0.00717281	-0.0439801
HG01775	HG01775	-0.0218146	-0.0150035	-0.0350198	0.0545627	-0.0270929	-0.0418508
HG01776	HG01776	-0.0196371	-0.0404046	-0.00560843	0.0332195	0.018945	0.119682
HG01777	HG01777	-0.0499867	0.0381708	0.00546794	0.00291081	-0.00505209	0.0850329
HG01779	HG01779	-0.0291629	0.0264	-0.0166023	0.0155008	0.0237182	0.0191337
HG01781	HG01781	-0.0582309	0.0913512	-0.024251	0.0245488	-0.0319112	0.00528695
HG01783	HG01783	-0.0247644	-0.0193778	-0.012246	0.0680114	-0.0117177	0.0346898
HG01784	HG01784	-0.0229598	0.0130492	0.0678685	0.0183991	-0.102322	-0.0505297
HG01785	HG01785	-0.0224527	0.0161453	-0.0834292	-0.0492209	-0.0435521	-0.0335292
HG01786	HG01786	-0.0525628	-0.0225997	0.0119494	0.0684635	-0.0309722	0.028134
HG01789	HG01789	-0.00289716	0.0963572	-0.104379	-0.0424618	0.0475681	0.0123322
HG01790	HG01790	0.000445401	0.0413977	0.0469425	-0.00714324	-0.0376974	-0.0813273
HG01791	HG01791	-0.0146359	0.0022815	0.0102561	0.0620133	0.119388	0.0314013
HG02215	HG02215	0.015888	0.00515125	-0.0264849	-0.030156	-0.00435808	0.00956598
HG02219	HG02219	-0.0150715	-0.0414727	0.0152617	-0.0162996	-0.0346437	-0.111911
HG02220	HG02220	-0.031597	0.00954423	-0.028333	0.061501	0.042053	-0.0437671
HG02221	HG02221	-0.00602198	-0.0273237	0.092058	-0.00600371	0.014665	-0.0124431
HG02223	HG02223	-0.00162008	0.0208097	-0.0101757	0.0265821	-0.0190599	0.0231701
HG02224	HG02224	-0.0295383	0.0294565	0.0997669	-0.0803415	0.0101225	0.0539574
HG02230	HG02230	-0.0283778	0.0585467	0.0464358	-0.0745332	-0.0287913	-0.04199
HG02231	HG02231	-0.0143709	0.0209801	0.012066	-0.0473878	0.0116566	0.0263931
HG02232	HG02232	-0.0408185	-0.00513924	0.00377339	0.0455589	-0.076027	0.028022
HG02233	HG02233	-0.0170651	-0.0284267	0.0625256	-0.0625573	-0.024814	-0.0568421
HG02235	HG02235	-0.0311665	-0.0144093	0.00401347	-0.0679719	0.0036574	-0.0315358
HG02236	HG02236	-0.033236	-0.0078559	0.0784275	0.0416682	0.0713794	-0.00598077
HG02238	HG02238	-0.0379538	-0.038151	0.0597318	0.0730395	-0.00533605	0.0485743
HG02239	HG02239	-0.0328819	-0.0118891	-0.0561179	-0.0347726	-0.0310728	0.0537265
NA06984	NA06984	-0.00420543	0.0219295	-0.0271862	0.0187036	0.0384979	0.0333929
NA06985	NA06985	-0.0091704	0.0595798	-0.0198765	0.0289274	0.0560904	0.0771235
NA06986	NA06986	0.00695518	0.0838114	-0.0175459	-0.0328114	-0.0511202	0.0136561
NA06989	NA06989	0.0195734	0.0350461	-0.0229159	-0.00813907	-0.0264806	-0.0354965
NA06994	NA06994	0.00611048	0.0249614	-0.0530854	-0.0314416	-0.00507558	-0.0341918
NA07000	NA07000	-0.0104811	0.030438	-0.0526827	0.0222989	-0.0200318	0.0124963
NA07037	NA07037	-0.00924855	0.0182329	0.0237571	-0.0308267	-0.0484259	-0.0045315
NA07048	NA07048	-0.00171941	0.00561414	-0.00900255	-0.0179927	0.0113683	-0.0409917
NA07051	NA07051	0.0056897	0.0149216	-0.0320444	0.0242576	-0.012089	0.00745709
NA07056	NA07056	-0.00381224	0.0632131	0.0580298	-0.0141157	-0.0325353	0.00856512
NA07347	NA07347	-0.0168913	8.57606e-05	-0.0942103	0.0305221	0.0100919	-0.0477678
NA07357	NA07357	-0.0102891	0.0168024	0.00498109	-0.0392679	-0.0110559	0.00293261
NA10847	NA10847	0.0286977	0.0310609	0.0445373	-0.0277699	0.00790668	-0.00707577
NA10851	NA10851	-0.0380164	-0.00499014	0.0110658	-0.0217441	0.0566008	-0.0144887
NA11829	NA11829	0.00406512	0.025772	0.0461901	-0.0294643	0.0008673	-0.039222
NA11830	NA11830	0.0113496	-0.0194757	-0.018982	-0.0813515	-0.0195379	-0.0137746
NA11831	NA11831	-0.00876373	0.055014	-0.0801665	-0.0251911	0.0877033	-0.0296386
NA11832	NA11832	-0.00755563	0.0377909	-0.0374348	0.000857041	-0.0779831	0.035043
NA11840	NA11840	-0.00193785	0.0102304	-0.0663744	-0.00722319	-0.0766724	0.0128078
NA11843	NA11843	0.00266247	0.0611737	-0.0391647	0.0330418	0.104197	-0.0272928
NA11881	NA11881	0.0119629	0.0171826	0.000495656	0.0369626	-0.0405593	-0.0544561
NA11892	NA11892	-0.0102206	-0.00879866	-0.0880116	0.0210469	-0.0863021	-0.00271451
NA11893	NA11893	-0.00525916	0.0148955	-0.0241727	-0.0240316	0.0021828	0.114914
NA11894	NA11894	0.019162	0.0524438	0.0049895	-0.0113494	-0.0284679	0.00214326
NA11918	NA11918	0.00702905	0.0479257	0.069307	-0.0438166	0.00760513	0.00389309
NA11919	NA11919	0.0182737	0.0203345	0.0424511	-0.0113725	-0.00305689	-0.0371017
NA11920	NA11920	-0.00588083	-0.00783364	0.064931	-0.030257	0.0127857	-0.0231667
NA11930	NA11930	-0.0226172	-0.016936	-0.0476538	0.039544	-0.0127043	0.0701402
NA11931	NA11931	0.00328272	0.0386413	0.0435725	0.0512816	-0.00712233	-0.0511431
NA11932	NA11932	-0.0261959	-0.00857584	0.0211304	0.084152	0.0052598	-0.0524868
NA11933	NA11933	-0.0303938	0.0706155	0.0109167	-0.0197309	0.0124408	-0.00980847
NA11992	NA11992	0.00194963	0.0483735	0.0104447	-0.0595539	0.0224736	0.0289557
NA11994	NA11994	-0.00757587	0.0341801	0.00889653	-0.0116551	0.0175874	0.0158811
NA11995	NA11995	0.0162996	0.0233551	-0.0446451	-0.0508761	-0.0684646	-0.0545473
NA12003	NA12003	-0.00376664	0.0246141	0.0254182	0.0516085	-0.0169033	-0.0018383
NA12004	NA12004	0.00152182	0.0342641	0.0118983	0.0158444	0.0776257	-0.035318
NA12005	NA12005	0.00357023	0.00393213	0.0827799	0.0100353	0.0112594	-0.0572307
NA12006	NA12006	0.000447135	0.0205369	-0.0371406	-0.0140543	0.00631839	0.0042965
NA12043	NA12043	0.0106446	0.0641005	-0.0331012	-0.053918	-0.00307097	0.0147013
NA12044	NA12044	-0.00324249	0.00637686	0.0611201	0.0863522	0.0473198	0.0175859
NA12045	NA12045	0.00242918	0.00246625	-0.0107496	-0.11526	0.0537285	-0.0147893
NA12046	NA12046	-0.00986365	0.0460187	0.0268104	0.0616549	0.0321012	0.00762672
NA12058	NA12058	0.00254139	0.00977962	-0.0554568	-0.0761025	-0.00641938	0.0490007
NA12144	NA12144	0.00764293	-0.0116312	-0.0720213	0.040637	-0.020851	0.0481816
NA12154	NA12154	0.0201183	0.0527336	-0.0168095	0.023889	0.00702805	-0.00503043
NA12155	NA12155	-0.00562117	0.0244099	0.0176171	-0.0872179	-0.00175354	-0.0418559
NA12156	NA12156	0.0224496	0.0590203	-0.0423905	0.00895456	0.0183302	0.0229909
NA12234	NA12234	0.000506888	-0.0043829	-0.0255575	0.00598733	-0.0484682	0.00264944
NA12249	NA12249	0.0176385	0.0745599	-0.0250241	0.00482917	0.0585135	0.00428924
NA12272	NA12272	-0.0253486	0.0489016	0.099226	0.0258301	-0.0377245	0.00951238
NA12273	NA12273	-0.0295521	-0.0105303	-0.0296805	-0.0103441	-0.0351639	-0.0249904
NA12275	NA12275	-0.012364	0.0112	-0.0240459	-0.0189075	-0.0208811	0.0371383
NA12282	NA12282	-0.00610527	0.0306321	0.000102108	-0.0540436	-0.0176832	0.0603461
NA12283	NA12283	0.0144073	-0.000206287	0.107972	0.0630471	0.0111926	-0.00807327
NA12286	NA12286	0.0102257	0.00382871	-0.0277695	-0.00158925	-0.0117859	0.00593759
NA12287	NA12287	-0.00382706	0.0811531	-0.0387431	-0.040689	-0.0101862	0.0540953
NA12340	NA12340	-0.00627023	0.0325891	-0.055931	-0.0430416	0.0383757	0.0680589
NA12341	NA12341	-0.0282649	0.0699384	0.00277075	-0.016876	-0.0322824	0.0641245
NA12342	NA12342	-0.00500585	0.0480716	-0.0311931	0.0666984	0.00460089	-0.0619268
NA12347	NA12347	0.00555456	0.100098	-0.00254869	0.0143216	-0.0315431	-0.0196293
NA12348	NA12348	0.00228388	0.0360704	-0.0189875	0.0604507	-0.0053072	-0.0186957
NA12383	NA12383	0.00087027	0.0178679	0.0202727	0.0736092	0.00615818	-0.0386454
NA12399	NA12399	-0.00502788	0.015446	-0.0115389	-0.0200281	0.0295414	-0.0325035
NA12400	NA12400	0.0138542	0.00288035	0.0170795	-0.0292169	0.0126663	-0.0748587
NA12413	NA12413	0.0398104	0.0296071	-0.0365613	0.00789632	0.00217099	0.0465902
NA12414	NA12414	-0.00716437	0.0388924	-0.014087	-0.0386165	0.0378542	-0.000428696
NA12489	NA12489	0.00028517	0.0367666	-0.023242	0.00015057	-0.0270163	0.0350926
NA12546	NA12546	-0.00868986	0.0650636	-0.0738677	0.049471	0.0326569	0.0262974
NA12716	NA12716	0.00295246	0.0827006	-0.0275019	-0.0832453	0.0331489	0.00777967
NA12717	NA12717	-0.00768955	0.0287612	0.0358138	0.048813	0.0265573	0.0503446
NA12718	NA12718	0.0070179	-0.0344161	0.0410137	0.050605	0.0893802	-0.0182628
NA12748	NA12748	0.00844924	0.0851142	-0.0410574	-0.0012361	0.0233058	-0.0160509
NA12749	NA12749	-0.00520792	0.033579	0.0421289	-0.0446015	-0.00968679	0.0479195
NA12750	NA12750	0.000858645	0.0261784	-0.0703499	-0.00763075	-0.0161772	0.00695412
NA12751	NA12751	0.0111177	-0.0236066	-0.0699583	0.0972583	-0.0184662	0.00965699
NA12760	NA12760	-0.000633276	0.0405875	-0.0347449	-0.0031164	0.00418721	-0.0453218
NA12761	NA12761	0.0142684	0.0657889	0.00424454	0.00628593	-0.0017119	0.0510519
NA12762	NA12762	-0.00841552	-0.0410656	0.0186462	-0.0110354	0.025277	0.0219395
NA12763	NA12763	-0.00772282	0.0267423	-0.0137262	-0.0321313	-0.0194883	-0.0572909
NA12775	NA12775	-0.00899951	0.0621197	0.0898829	0.00702312	-0.0258096	0.0179597
NA12776	NA12776	-0.00176243	-0.0346027	0.0463977	0.0175333	0.0107804	-0.0446347
NA12777	NA12777	0.00505069	0.0546151	-0.0173299	0.0842487	0.01422	0.0224022
NA12778	NA12778	0.0197425	0.0145525	-0.00654434	-0.0443376	0.0340178	-0.0735486
NA12812	NA12812	-0.00638451	0.0278484	0.0425349	-0.0405852	-0.0378941	-0.0465559
NA12813	NA12813	0.00123958	0.060389	-0.026075	-0.0104412	0.0303169	-0.0669409
NA12814	NA12814	-0.0299046	0.0438478	-0.0290935	0.0743001	-0.0262941	0.0488071
NA12815	NA12815	0.00734804	0.101665	-0.0665905	-0.0467422	-0.0448239	0.0685263
NA12827	NA12827	0.00253941	0.00307452	-0.0129808	0.00800128	0.072789	-0.0163513
NA12828	NA12828	-0.00335499	0.0700803	-0.0289125	-0.00974901	-0.0402066	0.0132154
NA12829	NA12829	-0.0308382	0.0212701	0.00842744	0.0438899	-0.00970401	-0.0408505
NA12830	NA12830	-0.0275215	0.100262	0.00249036	-0.0224436	0.0117465	-0.0070001
NA12842	NA12842	-0.00759492	0.00409063	0.00790464	0.0421302	-0.0353656	0.039164
NA12843	NA12843	0.0193502	0.00818137	0.0174864	0.0701472	0.0552952	-0.0571804
NA12872	NA12872	0.0156016	0.0614639	0.0321785	0.0353855	-0.0511525	0.103611
NA12873	NA12873	0.0066006	-0.0118057	0.00387622	0.0500292	0.0611654	-0.0206864
NA12874	NA12874	0.00983875	0.00311364	-0.0738258	0.041737	0.0752458	0.0518412
NA12878	NA12878	-0.00959193	-0.005407	-0.0465148	0.0180696	-0.0205278	0.0294587
NA12889	NA12889	-0.00969251	0.0642151	-0.00674187	-0.0339152	0.0704331	-0.0513877
NA12890	NA12890	-0.00239036	-0.00723263	-0.0597894	0.0677961	0.0427143	-0.0506422
NA20502	NA20502	-0.0632401	-0.0386118	0.00438639	-0.0253121	-0.0421802	-0.0249494
NA20503	NA20503	-0.0223544	-0.0259683	0.0073645	0.0039147	0.0142847	0.0181906
NA20504	NA20504	-0.0444583	-0.0544834	-0.00406366	0.0303747	0.0444387	0.0230087
NA20505	NA20505	-0.0397327	-0.0546042	-0.0146152	-0.0429712	-0.0742407	-0.0213112
NA20506	NA20506	-0.0484835	-0.0379593	0.0191606	-0.0297268	-0.00474292	-0.0135916
NA20507	NA20507	-0.0485268	0.00451018	-0.00867489	0.00210141	0.0375347	0.000222234
NA20508	NA20508	-0.0547242	-0.0611374	0.109129	-0.00467499	-0.0330022	0.0352132
NA20509	NA20509	-0.041789	-0.0396761	-0.0186425	-0.0145526	-0.0123601	0.0137324
NA20510	NA20510	-0.0369181	-0.0632326	-0.0924243	0.0800197	-0.0105438	-0.0577844
NA20511	NA20511	-0.0292229	-0.0468212	0.0273873	-0.0221014	0.0364499	0.0130856
NA20512	NA20512	-0.0459743	-0.0526838	-0.0527222	-0.0431046	0.0175624	-0.0207327
NA20513	NA20513	-0.0623834	-0.0244285	-0.0490176	-0.0028208	-0.011179	-0.0895097
NA20514	NA20514	-0.0552147	-0.00731523	-0.0563759	-0.0173754	0.0554215	0.000142042
NA20515	NA20515	-0.0567368	-0.00269156	-0.0463246	-0.0803491	-0.0519277	0.012298
NA20516	NA20516	-0.0522795	-0.0124938	-0.0620181	-0.0243109	-0.0139842	-0.00443163
NA20517	NA20517	-0.0513583	-0.0156876	-0.0265109	-0.0516489	0.0202854	-0.0596746
NA20518	NA20518	-0.0323409	-0.0544471	-0.00791427	-0.0686	0.0206617	-0.0281473
NA20519	NA20519	-0.0347622	-0.0185563	-0.0522583	0.0465111	-0.0546782	-0.00435342
NA20520	NA20520	-0.0516065	-0.0770202	0.00701887	-0.019138	0.00804341	0.081467
NA20521	NA20521	-0.0597341	-0.047745	-0.0485688	-0.0543149	-0.0420032	-0.0161102
NA20522	NA20522	-0.056053	-0.0810364	-0.0275549	0.0707384	0.00651121	0.00693446
NA20524	NA20524	-0.0486549	-0.0173023	0.0412242	0.0584955	0.0201903	-0.0244128
NA20525	NA20525	-0.0227466	-0.0381754	-0.0291245	-0.0175745	0.050076	0.0841712
NA20527	NA20527	-0.0325635	-0.0489879	-0.0353295	0.030102	-0.119714	0.0279321
NA20528	NA20528	-0.0596091	-0.0100708	-0.0404212	-0.00242805	-0.10417	-0.0147072
NA20529	NA20529	-0.0444993	-0.0220735	2.9905e-05	-0.00370429	-0.0452056	0.0353038
NA20530	NA20530	-0.0403363	-0.0306181	-0.0762308	-0.0274415	0.02862	-0.0239919
NA20531	NA20531	-0.0329615	-0.0373304	-0.00066783	-0.0276745	0.00456158	-0.0494371
NA20532	NA20532	-0.0423478	-0.0547317	-0.0107598	-0.0227062	0.0627936	-0.00876679
NA20533	NA20533	-0.051265	-0.0222513	-0.0303078	0.0767948	0.0268883	-0.00484465
NA20534	NA20534	-0.0392771	-0.0587197	0.0516572	-0.044514	0.0264724	-0.032888
NA20535	NA20535	-0.03744	0.0148746	-0.0310213	-0.076616	-0.0224981	0.0402277
NA20536	NA20536	-0.051731	-0.0435027	-0.0658931	-0.0387939	0.0402426	-0.0654541
NA20538	NA20538	-0.0517866	-0.0191358	-0.0304926	0.0317267	0.00935294	-0.0222923
NA20539	NA20539	-0.0369679	-0.0383905	-0.0093404	-0.0598916	0.000730442	-0.00279998
NA20540	NA20540	-0.0275883	-0.0753316	0.00348547	0.0310602	-0.0943083	0.0431453
NA20541	NA20541	-0.0688059	-0.0425564	-0.0109654	0.0229491	0.0612256	-0.0153928
NA20542	NA20542	-0.031134	0.0585829	-0.0295676	-0.0283572	-0.00798493	-0.0316926
NA20543	NA20543	-0.0419221	0.0138194	-0.0185908	-0.00872236	-0.0133624	-0.00513763
NA20544	NA20544	-0.0259101	-0.0512648	0.00739269	0.0168614	0.0128923	-0.0658022
NA20581	NA20581	-0.0262908	-0.0508803	0.0147646	0.110706	0.00758445	0.0710771
NA20582	NA20582	-0.056393	-0.018996	0.0338501	-0.0332206	-0.0451583	-0.00811158
NA20585	NA20585	-0.0345773	-0.0542997	0.045004	-0.00206145	-0.00226283	0.0285169
NA20586	NA20586	-0.0483527	-0.0714306	-0.0124704	0.0422499	0.0157989	0.0313621
NA20587	NA20587	-0.0112271	0.00661783	0.0102102	-0.0206541	0.0193843	-0.0381027
NA20588	NA20588	-0.0284795	-0.0149556	-0.0526294	-0.0206997	-0.0642348	-0.0647899
NA20589	NA20589	-0.0198644	-0.0406716	-0.025577	-0.022571	-0.0222256	-0.0506725
NA20752	NA20752	-0.0380434	-0.0277563	-0.0172517	-0.00742731	0.0356311	0.0303239
NA20753	NA20753	-0.0518824	-0.0396633	-0.0203286	-0.000191355	0.00175826	0.0298495
NA20754	NA20754	-0.0439391	-0.034934	0.0135523	0.045912	0.0299703	-0.0323044
NA20755	NA20755	-0.0535206	-0.0991045	-0.0135198	0.0359781	0.0088844	-0.0639363
NA20756	NA20756	-0.0428967	-0.00943875	-0.0143574	-0.0204603	-0.04731	0.0155189
NA20757	NA20757	-0.0404447	-0.0169925	0.0371858	-0.0187086	-0.0326447	-0.0525608
NA20758	NA20758	-9.38804e-05	-0.0602472	-0.0219126	-0.00881799	0.0582552	-0.00350599
NA20759	NA20759	-0.0480072	-0.0450436	-0.0482481	0.0158316	-0.0364448	-0.00835721
NA20760	NA20760	-0.0213678	-0.0207491	-0.0464898	0.0512507	0.0155595	-0.0739603
NA20761	NA20761	-0.0474718	-0.0376531	-0.00946105	0.020127	-0.0310992	-0.00661397
NA20762	NA20762	-0.074509	-0.0120138	-0.0121975	-0.00461249	-0.0358019	0.0296045
NA20763	NA20763	-0.0447034	-0.0669702	-0.0508194	0.0125377	0.0147584	-0.0203122
NA20764	NA20764	-0.0148931	-0.0266442	-0.0352079	-0.0842137	0.0673702	-0.0634271
NA20765	NA20765	-0.0460973	-0.0249556	-0.0385394	-0.0442927	0.0274599	0.00616096
NA20766	NA20766	-0.0593804	-0.0759351	0.0200384	-0.0204082	-0.0198482	-0.0252229
NA20767	NA20767	-0.0342842	-0.0314867	-0.070792	0.0147964	-0.00546067	0.0340224
NA20768	NA20768	-0.0376365	-0.0283354	-0.00025134	-0.0219051	0.0795183	-0.0369895
NA20769	NA20769	-0.0435898	0.0772556	0.00123237	-0.0546776	0.05879	0.0841266
NA20770	NA20770	-0.00508017	-0.0569576	-0.0055195	-0.0384066	0.0520092	-0.0389587
NA20771	NA20771	-0.0388683	-0.0702294	0.00347238	0.0376835	0.0127571	0.0241915
NA20772	NA20772	-0.0517941	-0.0343276	0.0383858	0.0696836	-0.020872	0.0280516
NA20773	NA20773	-0.0433103	-0.0221553	-0.0275896	0.0199268	-0.0427976	0.0158687
NA20774	NA20774	-0.0430779	-0.0247703	-0.00358497	-0.0627774	0.0038389	0.0235177
NA20775	NA20775	-0.0265656	-0.0267261	0.0345653	0.00139715	0.0235561	-0.0129376
NA20778	NA20778	-0.0460162	-0.00120883	0.00243854	-0.0291889	0.0181254	0.019668
NA20783	NA20783	-0.0486592	-0.0647671	-0.0295359	0.0406865	0.0759935	0.00811774
NA20785	NA20785	-0.044397	-0.0369074	-0.00728669	0.0304942	-0.0153103	-0.0317374
NA20786	NA20786	-0.0276558	-0.0522608	0.0231731	-0.00485372	0.00147085	0.0588704
NA20787	NA20787	-0.0205024	-0.0442289	-0.0815451	0.0786891	-0.0383467	-0.0502922
NA20790	NA20790	-0.0573903	-0.0397836	0.0245461	0.0202401	0.0338287	-0.0117548
NA20792	NA20792	-0.0403347	-0.00266369	0.0593186	-0.013886	-0.057752	-0.00195239
NA20795	NA20795	-0.041692	0.008576	-0.0306958	-0.106461	0.108229	-0.050332
NA20796	NA20796	-0.0253026	-0.0603123	-0.0540882	-0.00435431	0.0431797	0.0150425
NA20797	NA20797	-0.0346954	-0.0376631	0.00891837	-0.0212639	0.0997209	-0.0123862
NA20798	NA20798	-0.033125	-0.0931641	-0.00361555	-0.00936097	0.0273529	0.00137401
NA20799	NA20799	-0.044046	0.0221327	-0.0357475	0.00634753	0.0532648	0.0288425
NA20800	NA20800	-0.0518821	-0.0131949	0.0223933	-0.0620098	0.0241883	0.0570784
NA20801	NA20801	-0.0588033	-0.0174977	-0.0573142	-0.0320334	-0.0100598	0.0545482
NA20802	NA20802	-0.040701	-0.0483482	0.0126849	0.00698026	0.0217673	0.0416014
NA20803	NA20803	-0.0382747	-0.051764	0.0350687	-0.0491515	-0.0925584	-0.0258905
NA20804	NA20804	-0.0439034	-0.0308188	-0.0514855	-0.0830283	-0.0675178	0.0195011
NA20805	NA20805	-0.0200277	-0.0432341	-0.013779	-0.039398	0.0173574	0.0379261
NA20806	NA20806	-0.0145252	-0.0438907	-0.0717958	-0.0190165	0.00817066	0.0359417
NA20807	NA20807	-0.0448124	-0.0256286	0.0757336	0.0256107	-0.000229929	0.0352243
NA20808	NA20808	-0.0431647	0.0304976	-0.0773455	-0.0752735	-0.0210191	-0.0228764
NA20809	NA20809	-0.0406899	-0.0376068	-0.0035799	0.0353363	0.000810083	0.00234179
NA20810	NA20810	-0.0426371	-0.0377193	-0.00665369	-0.0137198	-0.0216773	0.050293
NA20811	NA20811	-0.0545303	-0.0280308	0.0677773	0.0253567	-0.0283943	0.0517573
NA20812	NA20812	-0.062501	-0.000713529	-0.0131736	-0.00280501	-0.0313391	-0.0620962
NA20813	NA20813	-0.0349602	-0.0152391	0.0345295	0.0264462	-0.0047356	0.020269
NA20814	NA20814	-0.0398341	-0.0551116	0.0381696	-0.0322833	-0.0219427	-0.0155162
NA20815	NA20815	-0.0515242	-0.0407178	0.0204535	-0.0570974	0.0829177	-0.057135
NA20818	NA20818	-0.00871703	-0.00862224	0.0534075	0.0158481	-0.0715468	-0.0103048
NA20819	NA20819	-0.0366286	0.0417189	-0.0185474	-0.00402869	0.00607376	-0.0392538
NA20821	NA20821	-0.0349585	-0.0567676	-0.0217992	-0.041678	-0.0864855	0.00961432
NA20822	NA20822	-0.0312424	-0.0348133	-0.0458316	-0.015682	0.0912978	0.0013198
NA20826	NA20826	-0.0292655	-0.0232612	0.0135019	0.0143903	0.0195224	0.0404317
NA20827	NA20827	-0.048451	-0.00201491	-0.0219134	0.0182423	0.042456	-0.00531072
NA20828	NA20828	-0.0256162	-0.0308711	0.00780769	0.0217636	-0.000120545	0.0119073
NA20832	NA20832	-0.0442654	-0.0263519	-0.0144352	0.00844091	-0.0799962	0.0552337
